American journal of biological anthropology,American Association of Biological Anthropologists.,"[Hoboken, NJ] : John Wiley & Sons Inc., [2022]-",NLM Title Abbreviation:
Die Anaesthesiologie,,"[Heidelberg, Germany] : Springer Medizin, [2022]-",NLM Title Abbreviation:
ARP rheumatology,,"Lisboa, Portugal : Sociedade Portuguesa de Reumatologia, [2022]-",NLM Title Abbreviation:
Biomaterials advances,,"[Amsterdam] : Elsevier B.V., [2022]-",NLM Title Abbreviation:
BMC primary care,BioMed Central Ltd.,"[London] : BioMed Central Ltd., [2022]-",NLM Title Abbreviation:
Canadian journal of health history = Revue canadienne d'histoire de la santé,,"Toronto : University of Toronto Press, [2022]-",NLM Title Abbreviation:
"Chirurgie (Heidelberg, Germany)",,"[Heidelberg, Germany] : Springer Medizin, [2022]-",NLM Title Abbreviation:
"Dermatologie (Heidelberg, Germany)",,"[Heidelberg, Germany] : Springer Medizin, [2022]-",NLM Title Abbreviation:
"Urologie (Heidelberg, Germany)",Deutsche Gesellschaft für Urologie; Berufsverband der Deutschen Urologen.,"[Heidelberg, Germany] : Springer Medizin, [2022]-",NLM Title Abbreviation:
"Innere Medizin (Heidelberg, Germany)",,"[Heidelberg, Germany] : Springer Medizin, [2022]-",NLM Title Abbreviation:
Journal of integrative and complementary medicine,,"[New Rochelle, New York] : Mary Ann Liebert, Inc., [2022]-",NLM Title Abbreviation:
Journal of pediatric hematology/oncology nursing,,"[Thousand Oaks, CA] : SAGE Publications, [2022]-",NLM Title Abbreviation:
Journal of prevention (2022),European Society for Prevention Research.,"[Cham, Switzerland] : Springer Nature Switzerland AG, [2022]-",NLM Title Abbreviation:
Journal of psychopathology and clinical science,American Psychological Association.,"Washington, DC : American Psychological Association, [2022]-",NLM Title Abbreviation:
Journal of the American Nutrition Association,American Nutrition Association.,"[Philadelphia, Pennsylvania?] : Taylor & Francis Group, [2022]-",NLM Title Abbreviation:
Die Ophthalmologie,Deutsche Ophthalmologische Gesellschaft.,"[Heidelberg] : Springer Medizin, [2022]-",NLM Title Abbreviation:
"Orthopädie (Heidelberg, Germany)",,"[Heidelberg, Germany] : Springer Medizin, [2022]-",NLM Title Abbreviation:
"Pathologie (Heidelberg, Germany)",,"[Heidelberg, Germany] : Springer Medizin, [2022]-",NLM Title Abbreviation:
"Radiologie (Heidelberg, Germany)",,"[Heidelberg, Germany] : Springer Medizin, [2022]-",NLM Title Abbreviation:
"Recent advances in food, nutrition & agriculture",,"[Saif Zone, Sharjah, U.A.E.] : Bentham Science Publishers, [2022]-",NLM Title Abbreviation:
